{"cameraMode":{"drawMode":0,"name":"Shaded","section":"Shading Mode"},"sceneLighting":true,"audioPlay":false,"sceneViewState":{"showFog":true,"showMaterialUpdate":false,"showSkybox":true,"showFlares":true,"showImageEffects":true,"showParticleSystems":true},"in2DMode":false,"pivot":{"x":226.3000030517578,"y":276.1000061035156,"z":0.0},"rotation":{"x":-0.37590140104293826,"y":0.0660751610994339,"z":-0.026896348223090173,"w":-0.9239274859428406},"size":170.10845947265626,"orthographic":true}